INSERT INTO "STATUS" (ID, VERSION, NAME) VALUES
(1, 1, 'Imported lead'),
(2, 1, 'Not contacted'),
(3, 1, 'Contacted'),
(4, 1, 'Customer'),
(5, 1, 'Closed (lost)');
INSERT INTO "COMPANY" (ID, VERSION, NAME) VALUES
(6, 1, 'Midoco GmbH.'),
(7, 1, 'Google Inc.'),
(8, 1, 'Tesla © 2024'),
(9, 1, 'OpenAI, Inc.'),
(10, 1, 'Your company, GmbH');
INSERT INTO "CONTACT" (ID, VERSION, EMAIL, FIRST_NAME, LAST_NAME, COMPANY_ID, STATUS_ID) VALUES
(11, 1, 'klara.schmidt@gmail.com', 'Klara', 'Schmidt', 8, 1),
(12, 1, 'hans.mueller@gmail.com', 'Hans', 'Müller', 7, 5),
(13, 1, 'emma.fischer@gmail.com', 'Emma', 'Fischer', 6, 3),
(14, 1, 'lukas.weber@gmail.com', 'Lukas', 'Weber', 10, 3),
(15, 1, 'sophie.wagner@gmail.com', 'Sophie', 'Wagner', 6, 4),
(16, 1, 'anna.becker@gmail.com', 'Anna', 'Becker', 10, 2),
(17, 1, 'mia.schulz@gmail.com', 'Mia', 'Schulz', 8, 1),
(18, 1, 'paul.hoffmann@gmail.com', 'Paul', 'Hoffmann', 8, 5),
(19, 1, 'lisa.koch@gmail.com', 'Lisa', 'Koch', 6, 1),
(20, 1, 'jonas.bauer@gmail.com', 'Jonas', 'Bauer', 10, 2),
(21, 1, 'felix.richter@gmail.com', 'Felix', 'Richter', 8, 3),
(22, 1, 'lea.schwarz@gmail.com', 'Lea', 'Schwarz', 7, 1),
(23, 1, 'lena.meyer@gmail.com', 'Lena', 'Meyer', 9, 4),
(24, 1, 'max.hartmann@gmail.com', 'Max', 'Hartmann', 9, 3),
(25, 1, 'katrin.krueger@gmail.com', 'Katrin', 'Krüger', 7, 5),
(26, 1, 'timo.neumann@gmail.com', 'Timo', 'Neumann', 7, 3),
(27, 1, 'kurt.zimmermann@gmail.com', 'Kurt', 'Zimmermann', 6, 4),
(28, 1, 'juergen.krause@gmail.com', 'Jürgen', 'Krause', 8, 1),
(29, 1, 'renate.schneider@gmail.com', 'Renate', 'Schneider', 9, 5),
(30, 1, 'nina.schmidt@gmail.com', 'Nina', 'Schmidt', 6, 2),
(31, 1, 'ingrid.schulz@gmail.com', 'Ingrid', 'Schulz', 9, 3),
(32, 1, 'heinz.wagner@gmail.com', 'Heinz', 'Wagner', 9, 1),
(33, 1, 'erich.weber@gmail.com', 'Erich', 'Weber', 10, 2),
(34, 1, 'ronnie.salucci@gmail.com', 'Ronnie', 'Salucci', 9, 1),
(35, 1, 'walter.grossi@gmail.com', 'Walter', 'Grossi', 9, 1);